{"Iter:": 92, "train:": 5.2634970566990665e-14, "val:": 2.0417796867420473e-06, "_timestamp": 1708490790.0614824, "_runtime": 67820.37095451355, "_step": 92}