{"Iter:": 31, "train:": 1256.363442298025, "val:": 12.693000605562702, "AUROC": 0.5051251196493521, "AUROC_median": 0.21620653366342896, "AUROC_stage_1_max": 0.5884112295380705, "AUROC_stage_1_median": 0.23992525803717243, "AUROC_stage_2_max": 0.5255197926690206, "AUROC_stage_2_median": 0.2241913753522265, "counters": 6, "_timestamp": 1710923785.6560116, "_runtime": 7516.691406488419, "_step": 31, "_wandb": {"runtime": 7515}}