{"Iter:": 20, "train:": 31.020793612870875, "val:": 0.5545453329341399, "AUROC": 0.33898921060859116, "AUROC_median": 0.349680852220437, "auroc_p": 0.6094127125430945, "auroc_p_med": 0.6255141226844566, "auroc_24": 0.3285475719221055, "auroc_24_med": 0.3364957066883754, "_timestamp": 1710787355.061051, "_runtime": 5294.583899974823, "_step": 20, "_wandb": {"runtime": 5293}}