{"Iter:": 21, "train:": 1281.5656661316752, "val:": 15.79334032163024, "AUROC": 0.3300286252840885, "AUROC_median": 0.8493695161306952, "AUROC_stage_1_max": 0.375530780754995, "AUROC_stage_1_median": 0.8163921223748398, "AUROC_stage_2_max": 0.35156958101077873, "AUROC_stage_2_median": 0.8364742195292179, "counters": 6, "_timestamp": 1711025872.2171361, "_runtime": 2820.5617051124573, "_step": 21, "_wandb": {"runtime": 2820}}