{"Iter:": 20, "train:": 2508.5221867486835, "val:": 14.773981031030416, "AUROC": 0.7543485608659992, "AUROC_median": 0.7100698781464457, "AUROC_stage_1_max": 0.7546321416520744, "AUROC_stage_1_median": 0.7280178720741004, "AUROC_stage_2_max": 0.7440265565240505, "AUROC_stage_2_median": 0.7054943699480217, "counters": 18, "_timestamp": 1710874848.7240193, "_runtime": 6363.30416727066, "_step": 20, "_wandb": {"runtime": 6361}}