{"Iter:": 20, "train:": 1386.9817928895354, "val:": 28.921739606186748, "AUROC": 0.5984895456701596, "AUROC_median": 0.6155712916921684, "AUROC_stage_1_max": 0.5284698169573715, "AUROC_stage_1_median": 0.5398101158908412, "AUROC_stage_2_max": 0.5761199703223489, "AUROC_stage_2_median": 0.5919866190086526, "counters": 20, "_timestamp": 1710865969.579014, "_runtime": 2602.9827160835266, "_step": 20, "_wandb": {"runtime": 2601}}