{"Iter:": 2, "train:": 2140.894886896014, "val:": 17.325907147489488, "AUROC": 0.8322653156050723, "AUROC_median": 0.8333319813270945, "AUROC_stage_1_max": 0.8024712087811928, "AUROC_stage_1_median": 0.8035270252740341, "AUROC_stage_2_max": 0.8189056053672212, "AUROC_stage_2_median": 0.8204319432554781, "counters": 2, "_timestamp": 1710849055.6999428, "_runtime": 879.8165328502655, "_step": 2}