{"Iter:": 20, "train:": 2047.3281199373305, "val:": 27.44378692790633, "AUROC": 0.807084121008968, "AUROC_median": 0.8067397562199311, "AUROC_stage_1_max": 0.7626955609344673, "AUROC_stage_1_median": 0.7630454675809752, "AUROC_stage_2_max": 0.7827843957809171, "AUROC_stage_2_median": 0.7822434715963805, "counters": 16, "_timestamp": 1710910923.8190966, "_runtime": 4682.984392642975, "_step": 20, "_wandb": {"runtime": 4681}}