{"Iter:": 20, "train:": 3.5940441857055703, "val:": 0.5042030366748804, "AUROC": 0.5630313705848959, "AUROC_median": 0.5634194374869486, "auroc_p": 0.6684805625468857, "auroc_p_med": 0.6689037541613884, "auroc_24": 0.5513084870877278, "auroc_24_med": 0.5520828601706823, "_timestamp": 1710805581.3718703, "_runtime": 1104.6236853599548, "_step": 20, "_wandb": {"runtime": 1103}}