{"Iter:": 49, "train:": 1265.5663467943668, "val:": 15.625088017433882, "AUROC": 0.2424625972194086, "AUROC_median": 0.4256692650082565, "AUROC_stage_1_max": 0.2820029443434206, "AUROC_stage_1_median": 0.46834317518284196, "AUROC_stage_2_max": 0.2519011229073189, "AUROC_stage_2_median": 0.4261836850102644, "counters": 0, "_timestamp": 1711007557.741098, "_runtime": 6145.859782934189, "_step": 49, "_wandb": {"runtime": 6144}}