{"Iter:": 20, "train:": 1715.4899026155472, "val:": 31.020934365689754, "AUROC": 0.6228919862727815, "AUROC_median": 0.6223490045672467, "AUROC_stage_1_max": 0.5377042279223072, "AUROC_stage_1_median": 0.5364915614468475, "AUROC_stage_2_max": 0.6032456849641991, "AUROC_stage_2_median": 0.6014143922097565, "counters": 7, "_timestamp": 1710992688.4514086, "_runtime": 2612.67391371727, "_step": 20, "_wandb": {"runtime": 2611}}