{"Iter:": 20, "train:": 424.803972998634, "val:": 10.280990393599495, "AUROC": 0.6656190394324956, "AUROC_median": 0.6634487382178577, "AUROC_stage_1_max": 0.6332797239132313, "AUROC_stage_1_median": 0.6294309257976859, "AUROC_stage_2_max": 0.659421591085551, "AUROC_stage_2_median": 0.6559428235384717, "counters": 17, "_timestamp": 1710845646.6660569, "_runtime": 2496.700105905533, "_step": 20, "_wandb": {"runtime": 2495}}