{"Iter:": 9, "train:": 1559.0199784189463, "val:": 38.00672276504338, "AUROC": 0.15724197677737764, "AUROC_median": 0.845734065755273, "AUROC_stage_1_max": 0.19361109561709874, "AUROC_stage_1_median": 0.8098189848344084, "AUROC_stage_2_max": 0.170781487367615, "AUROC_stage_2_median": 0.833282964060646, "_timestamp": 1710825898.7268698, "_runtime": 1325.063354730606, "_step": 9}