{"Iter:": 28, "train:": 9.999897870147834, "val:": 0.6996808315452654, "AUROC": 0.9903528802843309, "_timestamp": 1709187130.8547502, "_runtime": 1711.9138371944427, "_step": 28}