{"Iter:": 49, "train:": 20.759857966186246, "val:": 30.08021028712392, "AUROC": 0.6749340296155862, "_timestamp": 1709146403.3322456, "_runtime": 38762.71511864662, "_step": 49, "_wandb": {"runtime": 38761}}