{"Iter:": 49, "train:": 16.077811366616515, "val:": 10.026939504779875, "AUROC": 0.7715807715823124, "_timestamp": 1709107635.240925, "_runtime": 6240.265419960022, "_step": 49, "_wandb": {"runtime": 6238}}