{"Iter:": 20, "train:": 1047.6932731401175, "val:": 13.62353540227923, "AUROC": 0.5596835378037168, "AUROC_median": 0.5633544731428809, "AUROC_stage_1_max": 0.48888246639686356, "AUROC_stage_1_median": 0.49153444289924314, "AUROC_stage_2_max": 0.5305426479218105, "AUROC_stage_2_median": 0.5339786880689803, "counters": 18, "_timestamp": 1710956277.8640466, "_runtime": 4693.272230625153, "_step": 20, "_wandb": {"runtime": 4691}}