{"Iter:": 20, "train:": 1735.345491811633, "val:": 31.658634550403804, "AUROC": 0.7887680524913013, "AUROC_median": 0.7893946521826831, "AUROC_stage_1_max": 0.743150904508532, "AUROC_stage_1_median": 0.7446823113499578, "AUROC_stage_2_max": 0.7631244422929779, "AUROC_stage_2_median": 0.7640867391676508, "counters": 17, "_timestamp": 1711016754.9425168, "_runtime": 2735.5541326999664, "_step": 20, "_wandb": {"runtime": 2735}}