{"Iter:": 160, "train:": 5.1483303613343485e-14, "val:": 2.0417508070904153e-06, "_timestamp": 1708423194.5111053, "_runtime": 83931.923838377, "_step": 160}