{"Iter:": 20, "train:": 1388.1111728698015, "val:": 19.619190950877964, "AUROC": 0.7748092824799531, "AUROC_median": 0.7606397370960029, "AUROC_stage_1_max": 0.7606446803985403, "AUROC_stage_1_median": 0.7619816908269601, "AUROC_stage_2_max": 0.77174442343239, "AUROC_stage_2_median": 0.7651454816340033, "counters": 12, "_timestamp": 1710995299.7509115, "_runtime": 2606.279046535492, "_step": 20, "_wandb": {"runtime": 2604}}