{"Iter:": 20, "train:": 1719.7486940473318, "val:": 30.892892218194902, "AUROC": 0.6294504757362753, "AUROC_median": 0.62297085863673, "AUROC_stage_1_max": 0.5274300625277949, "AUROC_stage_1_median": 0.5239995028959468, "AUROC_stage_2_max": 0.5968873168381641, "AUROC_stage_2_median": 0.5917437475298307, "counters": 20, "_timestamp": 1710978065.3807356, "_runtime": 2734.5818376541138, "_step": 20, "_wandb": {"runtime": 2733}}