{"Iter:": 20, "train:": 2362.0120290368795, "val:": 18.59244672395289, "AUROC": 0.6120233281204452, "AUROC_median": 0.6166745447830195, "AUROC_stage_1_max": 0.52185241725606, "AUROC_stage_1_median": 0.5254266671681024, "AUROC_stage_2_max": 0.5924770733982978, "AUROC_stage_2_median": 0.5955547223867363, "counters": 9, "_timestamp": 1710843145.300136, "_runtime": 5543.355153083801, "_step": 20, "_wandb": {"runtime": 5541}}