{"Iter:": 49, "train:": 1258.3684832826257, "val:": 15.523125992156565, "AUROC": 0.8368426871268955, "AUROC_median": 0.6111600249368191, "AUROC_stage_1_max": 0.8054854131955815, "AUROC_stage_1_median": 0.5737238353354023, "AUROC_stage_2_max": 0.8264442516749075, "AUROC_stage_2_median": 0.6054191017624295, "counters": 0, "_timestamp": 1710990071.0150516, "_runtime": 6189.674402713776, "_step": 49, "_wandb": {"runtime": 6188}}