{"Iter:": 21, "train:": 1300.7550848349929, "val:": 16.28522676229477, "AUROC": 0.8469901339512741, "AUROC_median": 0.3660292906055586, "AUROC_stage_1_max": 0.8101536503549706, "AUROC_stage_1_median": 0.42066755538715855, "AUROC_stage_2_max": 0.8352492854510237, "AUROC_stage_2_median": 0.3835020248886859, "counters": 6, "_timestamp": 1710972735.127883, "_runtime": 2696.9638788700104, "_step": 21, "_wandb": {"runtime": 2695}}