{"Iter:": 20, "train:": 1292.9898209944367, "val:": 16.11269432771951, "AUROC": 0.8340159012829749, "AUROC_median": 0.8328589583443773, "AUROC_stage_1_max": 0.8028596294832666, "AUROC_stage_1_median": 0.801523645355169, "AUROC_stage_2_max": 0.8246669928830717, "AUROC_stage_2_median": 0.8235444275581709, "counters": 18, "_timestamp": 1711014014.4640508, "_runtime": 2631.61092376709, "_step": 20, "_wandb": {"runtime": 2627}}