{"Iter:": 49, "train:": 1262.1214600801468, "val:": 12.752238953020424, "AUROC": 0.8453949697905485, "AUROC_median": 0.8511047977379786, "AUROC_stage_1_max": 0.8119657034972994, "AUROC_stage_1_median": 0.7942432283670215, "AUROC_stage_2_max": 0.8313087483993478, "AUROC_stage_2_median": 0.8249388267756362, "counters": 0, "_timestamp": 1710906231.6346228, "_runtime": 11608.633068799973, "_step": 49, "_wandb": {"runtime": 11607}}