{"Iter:": 9, "train:": 7.571625403224934e-05, "val:": 1.0110477759461116e-05, "_timestamp": 1707901757.394941, "_runtime": 10964.47312116623, "_step": 9}