{"Iter:": 49, "train:": 12.520926940022036, "val:": 34.416269071400166, "AUROC": 0.5726435256062846, "_timestamp": 1709160901.812313, "_runtime": 14493.088207006454, "_step": 49, "_wandb": {"runtime": 14491}}