{"Iter:": 22, "train:": 1712.53535823524, "val:": 31.03165887389332, "AUROC": 0.6290972933065502, "AUROC_median": 0.639815816366103, "AUROC_stage_1_max": 0.5350093779041172, "AUROC_stage_1_median": 0.5456380847668025, "AUROC_stage_2_max": 0.6053336502405081, "AUROC_stage_2_median": 0.6184497328010552, "counters": 6, "_timestamp": 1710998151.2929204, "_runtime": 2847.556658267975, "_step": 22, "_wandb": {"runtime": 2846}}