{"Iter:": 7, "train:": 1720.902731910348, "val:": 15.647388909943402, "AUROC": 0.6206021421065245, "AUROC_median": 0.5948409112339007, "AUROC_stage_1_max": 0.5481819420228682, "AUROC_stage_1_median": 0.5184349936507009, "AUROC_stage_2_max": 0.5961862345592978, "AUROC_stage_2_median": 0.5703501487750473, "_timestamp": 1710824251.5296283, "_runtime": 2001.2891352176666, "_step": 7}