{"Iter:": 170, "train:": 2.744063774857611e-12, "val:": 1.4149813591223124e-10, "_timestamp": 1708084706.036917, "_runtime": 129832.03926301003, "_step": 141}