{"Iter:": 20, "train:": 2567.066024981439, "val:": 14.169808963313699, "AUROC": 0.8274713190836549, "AUROC_median": 0.7763360895252516, "AUROC_stage_1_max": 0.7993533336228386, "AUROC_stage_1_median": 0.7825220371641814, "AUROC_stage_2_max": 0.8169376177120474, "AUROC_stage_2_median": 0.7659565636126142, "counters": 18, "_timestamp": 1711048693.8222163, "_runtime": 6052.373012304306, "_step": 20, "_wandb": {"runtime": 6051}}