{"Iter:": 20, "train:": 2362.892993301153, "val:": 18.53776418045163, "AUROC": 0.6341056844172702, "AUROC_median": 0.6354272889156819, "AUROC_stage_1_max": 0.5360228098406797, "AUROC_stage_1_median": 0.5365714672134959, "AUROC_stage_2_max": 0.6070594875544115, "AUROC_stage_2_median": 0.6075426453431975, "counters": 20, "_timestamp": 1710943468.4783444, "_runtime": 5737.785725355148, "_step": 20, "_wandb": {"runtime": 5736}}