{"Iter:": 49, "train:": 7.9553801061993, "val:": 1.0815597678883933, "AUROC": 0.9913345456141271, "_timestamp": 1709185413.000473, "_runtime": 2922.282650947571, "_step": 49, "_wandb": {"runtime": 2920}}