{"Iter:": 20, "train:": 3.3984632996143773, "val:": 0.5247889267193386, "AUROC": 0.6671807459480341, "AUROC_median": 0.6685542947175662, "auroc_p": 0.8060552067274163, "auroc_p_med": 0.8034558336760301, "auroc_24": 0.6860910380512565, "auroc_24_med": 0.6876405994904207, "_timestamp": 1710813122.9093997, "_runtime": 1026.7972238063812, "_step": 20, "_wandb": {"runtime": 1025}}