{"Iter:": 20, "train:": 1733.6554536670446, "val:": 31.569143154658377, "AUROC": 0.7427970851628698, "AUROC_median": 0.7664584311457846, "AUROC_stage_1_max": 0.6707222267244244, "AUROC_stage_1_median": 0.7073796839052242, "AUROC_stage_2_max": 0.703218309053069, "AUROC_stage_2_median": 0.7314157499150915, "counters": 19, "_timestamp": 1711036582.1922884, "_runtime": 2558.0719883441925, "_step": 20, "_wandb": {"runtime": 2556}}