{"Iter:": 20, "train:": 1090.9052129760385, "val:": 28.910446264082566, "AUROC": 0.8268876155902134, "AUROC_median": 0.8228016735360424, "AUROC_stage_1_max": 0.7895538444799337, "AUROC_stage_1_median": 0.7862052478476265, "AUROC_stage_2_max": 0.8079186169613213, "AUROC_stage_2_median": 0.8037108307036943, "counters": 17, "_timestamp": 1710832517.7446823, "_runtime": 2470.71168923378, "_step": 20, "_wandb": {"runtime": 2469}}