{"Iter:": 20, "train:": 2602.379696428776, "val:": 14.554379353299737, "AUROC": 0.8004709720932536, "AUROC_median": 0.8203484958160991, "AUROC_stage_1_max": 0.7847286821925668, "AUROC_stage_1_median": 0.7994839599337378, "AUROC_stage_2_max": 0.7900575476506935, "AUROC_stage_2_median": 0.8125407983569601, "counters": 17, "_timestamp": 1711042632.1395009, "_runtime": 6041.745256900787, "_step": 20, "_wandb": {"runtime": 6040}}