{"Iter:": 49, "train:": 3.711966609263982, "val:": 0.2625700597773175, "AUROC": 0.2966383994318295, "AUROC_median": 0.29766185286962915, "auroc_p": 0.4298568721808018, "auroc_p_med": 0.42741100515606245, "auroc_24": 0.31835495903128186, "auroc_24_med": 0.31847013202333097, "_timestamp": 1710791045.3694768, "_runtime": 3686.3550107479095, "_step": 49, "_wandb": {"runtime": 3684}}