{"Iter:": 20, "train:": 705.0283099189401, "val:": 15.4996100141434, "AUROC": 0.8138052976231653, "AUROC_median": 0.8113113533151086, "AUROC_stage_1_max": 0.7879577827769961, "AUROC_stage_1_median": 0.7859779537226423, "AUROC_stage_2_max": 0.8009141052188636, "AUROC_stage_2_median": 0.7981649278292094, "counters": 20, "_timestamp": 1711028713.3857942, "_runtime": 2835.3239691257477, "_step": 20, "_wandb": {"runtime": 2834}}