{"Iter:": 20, "train:": 1277.7187253385782, "val:": 15.40704100113362, "AUROC": 0.8430048147614173, "AUROC_median": 0.19582533081640652, "AUROC_stage_1_max": 0.8082164240872549, "AUROC_stage_1_median": 0.25010824843456925, "AUROC_stage_2_max": 0.8314841924244981, "AUROC_stage_2_median": 0.21332480708368612, "counters": 13, "_timestamp": 1710981033.503313, "_runtime": 2964.0789799690247, "_step": 20, "_wandb": {"runtime": 2962}}