{"Iter:": 22, "train:": NaN, "val:": NaN, "_timestamp": 1707873112.696954, "_runtime": 24038.533529043198, "_step": 22}