{"Iter:": 20, "train:": 2531.169551052153, "val:": 15.428551006130874, "AUROC": 0.6007024630814456, "AUROC_median": 0.8357021890641811, "AUROC_stage_1_max": 0.6607604709566798, "AUROC_stage_1_median": 0.8054453535132017, "AUROC_stage_2_max": 0.6085993740875697, "AUROC_stage_2_median": 0.8245654643642887, "counters": 19, "_timestamp": 1711034018.3153288, "_runtime": 5299.965136766434, "_step": 20, "_wandb": {"runtime": 5298}}