{"Iter:": 20, "train:": 1830.8191995695233, "val:": 22.63110197149217, "AUROC": 0.705268041588851, "AUROC_median": 0.6990934386967635, "AUROC_stage_1_max": 0.6383011972761912, "AUROC_stage_1_median": 0.630021376343095, "AUROC_stage_2_max": 0.6849936159659329, "AUROC_stage_2_median": 0.6773967673020675, "counters": 20, "_timestamp": 1710894608.2195005, "_runtime": 4784.246272563934, "_step": 20, "_wandb": {"runtime": 4782}}