{"Iter:": 20, "train:": 4.367965500074206, "val:": 0.640978068637196, "AUROC": 0.41082090215573325, "AUROC_median": 0.4099633120240025, "auroc_p": 0.47667190513899577, "auroc_p_med": 0.4804669211313236, "auroc_24": 0.3888220582148182, "auroc_24_med": 0.3899067375130685, "_timestamp": 1710804470.4672909, "_runtime": 1133.410433769226, "_step": 20, "_wandb": {"runtime": 1132}}