{"Iter:": 49, "train:": 16.763871451548766, "val:": 51.934656135737896, "AUROC": 0.4871893584865758, "_timestamp": 1709101389.6849508, "_runtime": 6244.009411811829, "_step": 49, "_wandb": {"runtime": 6242}}