{"Iter:": 20, "train:": 205.42260605003685, "val:": 8.232740505423862, "AUROC": 0.7133405988388594, "AUROC_median": 0.7135754847227167, "AUROC_stage_1_max": 0.682375030503097, "AUROC_stage_1_median": 0.6812533120445913, "AUROC_stage_2_max": 0.7030287056013639, "AUROC_stage_2_median": 0.7027664191329243, "counters": 20, "_timestamp": 1710948978.821618, "_runtime": 2531.5795731544495, "_step": 20, "_wandb": {"runtime": 2530}}