{"Iter:": 22, "train:": 1256.8614757619798, "val:": 12.585844069952145, "AUROC": 0.18427664072613098, "AUROC_median": 0.5137950236557571, "AUROC_stage_1_max": 0.20326971551895934, "AUROC_stage_1_median": 0.5719983758967253, "AUROC_stage_2_max": 0.19560025566729983, "AUROC_stage_2_median": 0.5371645513954078, "counters": 6, "_timestamp": 1710916263.5378578, "_runtime": 5334.449638843536, "_step": 22, "_wandb": {"runtime": 5333}}