{"Iter:": 49, "train:": 9.052947045915062, "val:": 0.5265986654994776, "AUROC": 0.9914615926003728, "_timestamp": 1709179435.1290581, "_runtime": 2958.224452018738, "_step": 49, "_wandb": {"runtime": 2956}}