{"Iter:": 0, "train:": NaN, "val:": NaN, "_timestamp": 1707847155.6905148, "_runtime": 1107.2393708229065, "_step": 0}