{"Iter:": 20, "train:": 1295.3578948453069, "val:": 15.717252924107015, "AUROC": 0.842396648755096, "AUROC_median": 0.44788195470649184, "AUROC_stage_1_max": 0.8092944650775415, "AUROC_stage_1_median": 0.5213583385755456, "AUROC_stage_2_max": 0.830700480893854, "AUROC_stage_2_median": 0.4653988445715628, "counters": 9, "_timestamp": 1710983873.4122903, "_runtime": 2835.553543329239, "_step": 20, "_wandb": {"runtime": 2834}}