{"Iter:": 20, "train:": 2647.4693348407745, "val:": 14.253341658040881, "AUROC": 0.8389478856411234, "AUROC_median": 0.8383298507892635, "AUROC_stage_1_max": 0.8024767834345468, "AUROC_stage_1_median": 0.8054989239194801, "AUROC_stage_2_max": 0.8290283235295776, "AUROC_stage_2_median": 0.8255219997869803, "counters": 15, "_timestamp": 1711023045.8856926, "_runtime": 6285.142906665802, "_step": 20, "_wandb": {"runtime": 6284}}