{"Iter:": 12, "train:": 1279.0671884864569, "val:": 26.81853719893843, "AUROC": 0.6122751740825632, "AUROC_median": 0.6049359626165058, "AUROC_stage_1_max": 0.604673381734233, "AUROC_stage_1_median": 0.5992188909570607, "AUROC_stage_2_max": 0.6095230704358647, "AUROC_stage_2_median": 0.6031961482775936, "_timestamp": 1710829605.179838, "_runtime": 1708.0934510231018, "_step": 12, "_wandb": {"runtime": 1820}}