{"Iter:": 20, "train:": 1091.3434197828174, "val:": 28.986521785438526, "AUROC": 0.8205037445324788, "AUROC_median": 0.8240538105139033, "AUROC_stage_1_max": 0.7908783869549929, "AUROC_stage_1_median": 0.7945510479505237, "AUROC_stage_2_max": 0.8044865266811935, "AUROC_stage_2_median": 0.8097424044220679, "counters": 19, "_timestamp": 1710868481.1012695, "_runtime": 2503.6308114528656, "_step": 20, "_wandb": {"runtime": 2502}}