{"Iter:": 49, "train:": 14.57880854375253, "val:": 29.76105445995927, "AUROC": 0.7803054054412629, "_timestamp": 1709182484.7933261, "_runtime": 3043.6679940223694, "_step": 49, "_wandb": {"runtime": 3042}}