{"Iter:": 3, "train:": 3006.0809839740396, "val:": 23.370324796065688, "AUROC": 0.8402699605417059, "AUROC_median": 0.8396992171080675, "AUROC_stage_1_max": 0.8081786475885404, "AUROC_stage_1_median": 0.8080037148530561, "AUROC_stage_2_max": 0.8305309086765827, "AUROC_stage_2_median": 0.8297978767262995, "counters": 3, "_timestamp": 1711063709.7779012, "_runtime": 1175.4105432033539, "_step": 3}