{"Iter:": 49, "train:": 12.218324273650069, "val:": 6.246417544782162, "AUROC": 0.8778136297832133, "_timestamp": 1709095140.958758, "_runtime": 2917.7228260040283, "_step": 49, "_wandb": {"runtime": 2917}}