{"Iter:": 20, "train:": 6048.515272334218, "val:": 45.277429308742285, "AUROC": 0.6242963623531345, "AUROC_median": 0.6373795619242506, "AUROC_stage_1_max": 0.5277687905300228, "AUROC_stage_1_median": 0.5357290192781796, "AUROC_stage_2_max": 0.6000222733166388, "AUROC_stage_2_median": 0.611452661886967, "counters": 6, "_timestamp": 1710883794.1375785, "_runtime": 6315.785016536713, "_step": 20, "_wandb": {"runtime": 6314}}