{"Iter:": 20, "train:": 1718.5974544361234, "val:": 31.04055891558528, "AUROC": 0.5925665679391711, "AUROC_median": 0.619883202789051, "AUROC_stage_1_max": 0.5111617365741786, "AUROC_stage_1_median": 0.5265754050156283, "AUROC_stage_2_max": 0.5740155095708721, "AUROC_stage_2_median": 0.5978683130280666, "counters": 20, "_timestamp": 1710975326.4312987, "_runtime": 2587.1539957523346, "_step": 20, "_wandb": {"runtime": 2585}}