{"Iter:": 49, "train:": 16.678253800055245, "val:": 36.710976785980165, "AUROC": 0.34845278390052603, "_timestamp": 1709167160.8619063, "_runtime": 6253.493808269501, "_step": 49, "_wandb": {"runtime": 6252}}