{"Iter:": 20, "train:": 204.1271338686347, "val:": 8.24342945200624, "AUROC": 0.7224874138459225, "AUROC_median": 0.7221007192615589, "AUROC_stage_1_max": 0.6968741922710222, "AUROC_stage_1_median": 0.6952386097705779, "AUROC_stage_2_max": 0.7153737129279027, "AUROC_stage_2_median": 0.7149280138643721, "counters": 20, "_timestamp": 1710958998.7459407, "_runtime": 2714.3641057014465, "_step": 20, "_wandb": {"runtime": 2713}}