{"Iter:": 20, "train:": 943.7247623205185, "val:": 13.713159618433565, "AUROC": 0.1589012564339577, "AUROC_median": 0.835352293049621, "AUROC_stage_1_max": 0.1958501684416176, "AUROC_stage_1_median": 0.7997277752292521, "AUROC_stage_2_max": 0.17383788355831295, "AUROC_stage_2_median": 0.8245102896931917, "counters": 14, "_timestamp": 1710863361.4172957, "_runtime": 2551.6509788036346, "_step": 20, "_wandb": {"runtime": 2550}}