{"Iter:": 20, "train:": 2179.1903922222555, "val:": 28.89124440087471, "AUROC": 0.8360970948864347, "AUROC_median": 0.8342330398849392, "AUROC_stage_1_max": 0.8025355090183706, "AUROC_stage_1_median": 0.8008741099693539, "AUROC_stage_2_max": 0.82029431087593, "AUROC_stage_2_median": 0.8180374967051662, "counters": 15, "_timestamp": 1710858109.6403835, "_runtime": 4922.6141884326935, "_step": 20, "_wandb": {"runtime": 4921}}