{"Iter:": 20, "train:": 862.9679505005479, "val:": 15.67423935024999, "AUROC": 0.5634028413660712, "AUROC_median": 0.5703143836586919, "AUROC_stage_1_max": 0.48881408978127505, "AUROC_stage_1_median": 0.49490185263554815, "AUROC_stage_2_max": 0.5292881286292613, "AUROC_stage_2_median": 0.5361451076476986, "counters": 20, "_timestamp": 1710835202.3710034, "_runtime": 2680.1196932792664, "_step": 20, "_wandb": {"runtime": 2678}}