{"Iter:": 20, "train:": 4.010594816049888, "val:": 0.27770897098525893, "AUROC": 0.41054520730072797, "AUROC_median": 0.4088395780858274, "auroc_p": 0.4822456939659451, "auroc_p_med": 0.48969041324562396, "auroc_24": 0.37284916405675894, "auroc_24_med": 0.37209093547992655, "_timestamp": 1710796807.1301637, "_runtime": 1416.399739742279, "_step": 20, "_wandb": {"runtime": 1415}}