{"Iter:": 20, "train:": 4.798888364020968, "val:": 0.6472840394126251, "AUROC": 0.3154907698745065, "AUROC_median": 0.31222559437126507, "auroc_p": 0.31570843871330384, "auroc_p_med": 0.3203344623309911, "auroc_24": 0.2893148945359199, "auroc_24_med": 0.2881125568410056, "_timestamp": 1710779993.9214604, "_runtime": 885.0319833755493, "_step": 20, "_wandb": {"runtime": 883}}