{"Iter:": 8, "train:": 28.993340734605226, "val:": 0.5100927865478297, "AUROC": 0.5244690885412687, "AUROC_median": 0.521706439480756, "auroc_p": 0.7463802768896707, "auroc_p_med": 0.7470110156524745, "auroc_24": 0.5187259651201012, "auroc_24_med": 0.5189979630975482, "_timestamp": 1710817723.0001602, "_runtime": 2737.005602121353, "_step": 8}