{"Iter:": 20, "train:": 3.8274557388722314, "val:": 0.7077620689233299, "AUROC": 0.39289303795286246, "AUROC_median": 0.37939576817414805, "auroc_p": 0.4760461085702225, "auroc_p_med": 0.49210295696209033, "auroc_24": 0.40299848916855197, "auroc_24_med": 0.38670696171466895, "_timestamp": 1710814980.4621198, "_runtime": 846.9829099178314, "_step": 20, "_wandb": {"runtime": 845}}