{"Iter:": 20, "train:": 172.719681924209, "val:": 6.736784176187939, "AUROC": 0.3608691307945171, "AUROC_median": 0.6979041276088065, "AUROC_stage_1_max": 0.3737637010809911, "AUROC_stage_1_median": 0.7020565415549751, "AUROC_stage_2_max": 0.3800016570866821, "AUROC_stage_2_median": 0.6854797937913728, "counters": 16, "_timestamp": 1710837597.2371898, "_runtime": 2390.2604048252106, "_step": 20, "_wandb": {"runtime": 2388}}