{"Iter:": 20, "train:": 418.575061975047, "val:": 10.427259737392887, "AUROC": 0.6554905590956358, "AUROC_median": 0.6594467581511207, "AUROC_stage_1_max": 0.6403294930287022, "AUROC_stage_1_median": 0.6440367414774133, "AUROC_stage_2_max": 0.6532844909055158, "AUROC_stage_2_median": 0.6573978015881372, "_timestamp": 1710822244.9343672, "_runtime": 2466.855400085449, "_step": 20, "_wandb": {"runtime": 2465}}