{"Iter:": 85, "train:": 1.899928166754515e-06, "val:": 2.290864854845952e-06, "_timestamp": 1708000739.0026917, "_runtime": 86651.94917464256, "_step": 85}