{"Iter:": 20, "train:": 3.725345331160497, "val:": 0.5444927230273606, "AUROC": 0.5001698595402058, "AUROC_median": 0.5020953820282299, "auroc_p": 0.5890597434855293, "auroc_p_med": 0.595824356064219, "auroc_24": 0.4735084406977773, "auroc_24_med": 0.47564273643193644, "_timestamp": 1710782056.115222, "_runtime": 1212.5383610725403, "_step": 20, "_wandb": {"runtime": 1211}}