{"Iter:": 20, "train:": 6.036532681828248, "val:": 0.8373595713928808, "AUROC": 0.3549113044158779, "AUROC_median": 0.354679331839447, "auroc_p": 0.26915693810138985, "auroc_p_med": 0.2691689685737062, "auroc_24": 0.34457500527046075, "auroc_24_med": 0.3444271517836511, "_timestamp": 1710792343.2721741, "_runtime": 1291.8379490375519, "_step": 20, "_wandb": {"runtime": 1290}}