{"Iter:": 20, "train:": 543.4602659344673, "val:": 14.407020927756093, "AUROC": 0.8281679830983412, "AUROC_median": 0.8308681171578398, "AUROC_stage_1_max": 0.793044901787887, "AUROC_stage_1_median": 0.7975886889673018, "AUROC_stage_2_max": 0.8104883862545589, "AUROC_stage_2_median": 0.8157069407566273, "counters": 17, "_timestamp": 1710848171.0854251, "_runtime": 2519.438622236252, "_step": 20, "_wandb": {"runtime": 2518}}