{"Iter:": 20, "train:": 1026.3305232450366, "val:": 16.773349905386567, "AUROC": 0.8174109718611885, "AUROC_median": 0.818739128389834, "AUROC_stage_1_max": 0.7910585917036159, "AUROC_stage_1_median": 0.7915770272598274, "AUROC_stage_2_max": 0.8035762019713103, "AUROC_stage_2_median": 0.8044404591032625, "counters": 20, "_timestamp": 1710951579.7338033, "_runtime": 2596.2214732170105, "_step": 20, "_wandb": {"runtime": 2590}}