{"Iter:": 20, "train:": 3.58226116689184, "val:": 0.5018466907167749, "AUROC": 0.6329046698836351, "AUROC_median": 0.6344941291598544, "auroc_p": 0.805327958175638, "auroc_p_med": 0.8073910671732972, "auroc_24": 0.6277218581628863, "auroc_24_med": 0.6291500693360652, "_timestamp": 1710780839.4143658, "_runtime": 841.013965845108, "_step": 20, "_wandb": {"runtime": 839}}