{"Iter:": 29, "train:": 448.00811022892594, "val:": 10.961521070916206, "AUROC": 0.6401908900968434, "AUROC_median": 0.6451107367989839, "AUROC_stage_1_max": 0.5922956949353195, "AUROC_stage_1_median": 0.5971121043323773, "AUROC_stage_2_max": 0.6231025133741515, "AUROC_stage_2_median": 0.6281174907455107, "counters": 6, "_timestamp": 1710853181.5940573, "_runtime": 3929.7928652763367, "_step": 29, "_wandb": {"runtime": 3929}}