{"Iter:": 49, "train:": 14.265694130968768, "val:": 9.79617325682193, "AUROC": 0.77444803441301, "_timestamp": 1709176471.3839462, "_runtime": 3049.8762941360474, "_step": 49, "_wandb": {"runtime": 3048}}