{"Iter:": 102, "train:": 1.1547563263455356e-05, "val:": 4.5703963555449945e-06, "_timestamp": 1708576809.3824759, "_runtime": 76119.43619990349, "_step": 102}