{"Iter:": 25, "train:": 1343.488755941391, "val:": 16.775288027711213, "AUROC": 0.1540922342432057, "AUROC_median": 0.3915186162235027, "AUROC_stage_1_max": 0.19011051543624757, "AUROC_stage_1_median": 0.4501115763446106, "AUROC_stage_2_max": 0.16591122045013232, "AUROC_stage_2_median": 0.4096865162618485, "counters": 6, "_timestamp": 1711001407.1232502, "_runtime": 3251.123374223709, "_step": 25, "_wandb": {"runtime": 3249}}