{"Iter:": 20, "train:": 2540.1629918813705, "val:": 15.612003210932016, "AUROC": 0.4021202251435669, "AUROC_median": 0.8285660969353977, "AUROC_stage_1_max": 0.48619519628080127, "AUROC_stage_1_median": 0.8026948954142223, "AUROC_stage_2_max": 0.43047129245375004, "AUROC_stage_2_median": 0.8164221551462321, "counters": 16, "_timestamp": 1710929637.3482578, "_runtime": 5336.247037887573, "_step": 20, "_wandb": {"runtime": 5334}}