{"Iter:": 20, "train:": 378921.0193901062, "val:": 130640.88945734501, "AUROC": 0.3648690971312132, "AUROC_median": 0.3638933866928537, "auroc_p": 0.24810487859753372, "auroc_p_med": 0.24782293252833107, "auroc_24": 0.3438591126898869, "auroc_24_med": 0.34293990475594205, "_timestamp": 1710814127.5424237, "_runtime": 998.8120877742767, "_step": 20, "_wandb": {"runtime": 997}}