{"Iter:": 47, "train:": 3006.858246654272, "val:": 22.63473698310554, "AUROC": 0.5974498960728005, "AUROC_median": 0.5819614118027385, "AUROC_stage_1_max": 0.5244305932949105, "AUROC_stage_1_median": 0.5145825772346219, "AUROC_stage_2_max": 0.5800621583419641, "AUROC_stage_2_median": 0.5648084263130942, "counters": 6, "_timestamp": 1711062528.9763944, "_runtime": 13829.263538360596, "_step": 47, "_wandb": {"runtime": 13827}}