{"Iter:": 20, "train:": 444.7930990830064, "val:": 10.769302942790091, "AUROC": 0.6867112279602903, "AUROC_median": 0.6839460680007362, "AUROC_stage_1_max": 0.6367251144597132, "AUROC_stage_1_median": 0.6359793605878882, "AUROC_stage_2_max": 0.6769568143936607, "AUROC_stage_2_median": 0.6740042084713382, "counters": 15, "_timestamp": 1710877472.4806597, "_runtime": 2617.9796347618103, "_step": 20, "_wandb": {"runtime": 2616}}