{"Iter:": 20, "train:": 2.5184720019533415, "val:": 0.5048563363670837, "AUROC": 0.3546925399809513, "AUROC_median": 0.35163278609412385, "auroc_p": 0.28424861360056997, "auroc_p_med": 0.2910878741099376, "auroc_24": 0.34287307708954373, "auroc_24_med": 0.33921861195784364, "_timestamp": 1710798318.9803889, "_runtime": 1508.0090999603271, "_step": 20, "_wandb": {"runtime": 1506}}