{"Iter:": 20, "train:": 16.121484231262002, "val:": 1.221835522155743, "AUROC": 0.3194561164518299, "AUROC_median": 0.32595646754254715, "auroc_p": 0.34400981582536927, "auroc_p_med": 0.34683817286666674, "auroc_24": 0.28951472846001347, "auroc_24_med": 0.2934379109747801, "_timestamp": 1710779104.4575703, "_runtime": 1443.9318633079529, "_step": 20, "_wandb": {"runtime": 1443}}