{"Iter:": 49, "train:": 14.792079454035502, "val:": 0.5251378114053296, "AUROC": 0.30082423308544926, "AUROC_median": 0.30235275591276145, "auroc_p": 0.45815828629431987, "auroc_p_med": 0.4561979143301166, "auroc_24": 0.3365959675438, "auroc_24_med": 0.33821868993417536, "_timestamp": 1710812090.7776086, "_runtime": 6504.253844738007, "_step": 49, "_wandb": {"runtime": 6502}}