{"Iter:": 20, "train:": 1363234.7499656677, "val:": 17705.613365629688, "AUROC": 0.37223889237906393, "AUROC_median": 0.37224407132220105, "auroc_p": 0.29269408216966597, "auroc_p_med": 0.29277371729614105, "auroc_24": 0.35628355518167276, "auroc_24_med": 0.35627141631301534, "_timestamp": 1710803331.8159256, "_runtime": 5009.227786540985, "_step": 20, "_wandb": {"runtime": 5007}}