{"Iter:": 20, "train:": 399.5715075638145, "val:": 16.76093898061663, "AUROC": 0.7273314041980314, "AUROC_median": 0.7276182359215878, "AUROC_stage_1_max": 0.7057637524310063, "AUROC_stage_1_median": 0.7054685263862606, "AUROC_stage_2_max": 0.7198645609712402, "AUROC_stage_2_median": 0.7198346927650279, "counters": 20, "_timestamp": 1710932206.916655, "_runtime": 2565.599667072296, "_step": 20, "_wandb": {"runtime": 2564}}