{"Iter:": 20, "train:": 854.7996031008661, "val:": 15.519486683886498, "AUROC": 0.6170228663903148, "AUROC_median": 0.6111122615164195, "AUROC_stage_1_max": 0.550049809123684, "AUROC_stage_1_median": 0.5510928467878413, "AUROC_stage_2_max": 0.5991114678483882, "AUROC_stage_2_median": 0.5943073052064339, "counters": 20, "_timestamp": 1710860805.3993914, "_runtime": 2690.745207309723, "_step": 20, "_wandb": {"runtime": 2688}}