{"Iter:": 25, "train:": 625.8206927329302, "val:": 12.59354133461602, "AUROC": 0.821979084140286, "AUROC_median": 0.8272315131770944, "AUROC_stage_1_max": 0.7957548668319334, "AUROC_stage_1_median": 0.8002911914595079, "AUROC_stage_2_max": 0.8146371135320063, "AUROC_stage_2_median": 0.8185642199431071, "counters": 6, "_timestamp": 1710946442.4617836, "_runtime": 2968.6838705539703, "_step": 25, "_wandb": {"runtime": 2967}}