{"Iter:": 20, "train:": 3006.7728706747293, "val:": 22.668861771002412, "AUROC": 0.6088226253511224, "AUROC_median": 0.6127747667878838, "AUROC_stage_1_max": 0.5363566147924662, "AUROC_stage_1_median": 0.5360579464726181, "AUROC_stage_2_max": 0.5902025487448557, "AUROC_stage_2_median": 0.5932170184353789, "counters": 15, "_timestamp": 1710889818.210788, "_runtime": 6018.557764053345, "_step": 20, "_wandb": {"runtime": 6017}}