{"Iter:": 20, "train:": 4733.254916578531, "val:": 36.19268229790032, "AUROC": 0.6356379650878261, "AUROC_median": 0.6392960555677188, "AUROC_stage_1_max": 0.5493336789937523, "AUROC_stage_1_median": 0.5519659473388443, "AUROC_stage_2_max": 0.6105846209681364, "AUROC_stage_2_median": 0.6142173819761154, "counters": 13, "_timestamp": 1710937725.4596756, "_runtime": 5513.068424463272, "_step": 20, "_wandb": {"runtime": 5508}}