{"Iter:": 29, "train:": 4.56179042652027e-11, "val:": 1.1818384005304182e-09, "_timestamp": 1707939775.688328, "_runtime": 24274.6815469265, "_step": 29}