{"Iter:": 20, "train:": 2376.507151506841, "val:": 18.59694685600698, "AUROC": 0.7334544036520003, "AUROC_median": 0.7542822421599782, "AUROC_stage_1_max": 0.6915593066458314, "AUROC_stage_1_median": 0.714433412048818, "AUROC_stage_2_max": 0.7066404050223165, "AUROC_stage_2_median": 0.7288201453227652, "counters": 20, "_timestamp": 1710964926.9206922, "_runtime": 5922.3312911987305, "_step": 20, "_wandb": {"runtime": 5920}}