{"Iter:": 54, "train:": 12.025948735376005, "val:": 13.013006403809413, "AUROC": 0.601745455094228, "_timestamp": 1709091977.487286, "_runtime": 4062.330607175827, "_step": 54, "_wandb": {"runtime": 4105}}