{"Iter:": 0, "train:": 1735.889779996127, "val:": 21.72088012911263, "AUROC": 0.6756268872127082, "AUROC_median": 0.6760759740849748, "AUROC_stage_1_max": 0.6312733664881659, "AUROC_stage_1_median": 0.6328498934857762, "AUROC_stage_2_max": 0.6640433977081899, "AUROC_stage_2_median": 0.6654754031563186, "counters": 0, "_timestamp": 1710924051.7945669, "_runtime": 259.7099609375, "_step": 0, "_wandb": {"runtime": 503}}