{"Iter:": 49, "train:": 16.77748548949603, "val:": 40.179868683218956, "AUROC": 0.557043677622346, "_timestamp": 1709173416.0564816, "_runtime": 6251.290331602097, "_step": 49, "_wandb": {"runtime": 6249}}