{"Iter:": 20, "train:": 1049.3342380337417, "val:": 27.47546480463643, "AUROC": 0.6436222579305471, "AUROC_median": 0.6074343373450062, "AUROC_stage_1_max": 0.545232655993444, "AUROC_stage_1_median": 0.5317969740009553, "AUROC_stage_2_max": 0.6049805550722477, "AUROC_stage_2_median": 0.5782122504050061, "counters": 18, "_timestamp": 1710967346.8013122, "_runtime": 2414.2113082408905, "_step": 20, "_wandb": {"runtime": 2412}}