{"Iter:": 20, "train:": 1376.7655407488346, "val:": 19.518803032115102, "AUROC": 0.8319592405927199, "AUROC_median": 0.831282415069576, "AUROC_stage_1_max": 0.8028092028294291, "AUROC_stage_1_median": 0.8023531600535281, "AUROC_stage_2_max": 0.8193444088260768, "AUROC_stage_2_median": 0.8184028238959811, "counters": 11, "_timestamp": 1710970034.5195804, "_runtime": 2682.8192303180695, "_step": 20, "_wandb": {"runtime": 2681}}