{"Iter:": 20, "train:": 14.35746920164138, "val:": 0.5058536977830954, "AUROC": 0.50002633670114, "AUROC_median": 0.49563841162622047, "auroc_p": 0.6860142309187058, "auroc_p_med": 0.6894388423689514, "auroc_24": 0.474832077431225, "auroc_24_med": 0.47236525877620117, "_timestamp": 1710795385.7481136, "_runtime": 3037.1455545425415, "_step": 20, "_wandb": {"runtime": 3035}}