{"Iter:": 30, "train:": 1273.0243830755353, "val:": 13.959722623694688, "AUROC": 0.4193803495886851, "AUROC_median": 0.8474683793580897, "AUROC_stage_1_max": 0.5019425796025448, "AUROC_stage_1_median": 0.8102745607826304, "AUROC_stage_2_max": 0.43616975853299117, "AUROC_stage_2_median": 0.8355302023988356, "counters": 6, "_timestamp": 1711011377.1598797, "_runtime": 3813.367219686508, "_step": 30, "_wandb": {"runtime": 3812}}